<annotation>
	<folder>train</folder>
	<filename>2021_08_25_14_49_40_996.jpg</filename>
	<path>D:\NEW\train\2021_08_25_14_49_40_996.jpg</path>
	<source>
		<database>Unknown</database>
	</source>
	<size>
		<width>300</width>
		<height>300</height>
		<depth>3</depth>
	</size>
	<segmented>0</segmented>
	<object>
		<name>cylinder</name>
		<pose>Unspecified</pose>
		<truncated>0</truncated>
		<difficult>0</difficult>
		<bndbox>
			<xmin>62</xmin>
			<ymin>56</ymin>
			<xmax>266</xmax>
			<ymax>266</ymax>
		</bndbox>
	</object>
</annotation>
