<annotation>
	<folder>train</folder>
	<filename>2021_08_25_07_02_03_964.jpg</filename>
	<path>D:\NEW\train\2021_08_25_07_02_03_964.jpg</path>
	<source>
		<database>Unknown</database>
	</source>
	<size>
		<width>300</width>
		<height>300</height>
		<depth>3</depth>
	</size>
	<segmented>0</segmented>
	<object>
		<name>cylinder</name>
		<pose>Unspecified</pose>
		<truncated>0</truncated>
		<difficult>0</difficult>
		<bndbox>
			<xmin>57</xmin>
			<ymin>35</ymin>
			<xmax>264</xmax>
			<ymax>218</ymax>
		</bndbox>
	</object>
</annotation>
